{
    "name": "Responsive-Tabs",
    "title": "Responsive Tabs",
    "description": "This jQuery plugin provides responsive tab functionality. The tabs transform to an accordion when it reaches a CSS breakpoint.",
    "keywords": [
        "responsive",
        "tabs",
        "accordion",
        "adaptive",
        "ui",
        "widget"
    ],
    "version": "1.3.3",
    "author": {
        "name": "Jelle Kralt",
        "email": "jelle@jellekralt.nl",
        "url": "http://www.jellekralt.nl"
    },
    "maintainers": [
        {
            "name": "Jelle Kralt",
            "email": "jelle@jellekralt.nl",
            "url": "http://www.jellekralt.nl"
        }
    ],
    "licenses": [
        {
            "type": "MIT",
            "url": "https://github.com/jellekralt/Responsive-Tabs/blob/master/MIT-license"
        }
    ],
    "bugs": "https://github.com/jellekralt/Responsive-Tabs/issues",
    "homepage": "https://github.com/jellekralt/Responsive-Tabs",
    "docs": "https://github.com/jellekralt/Responsive-Tabs",
    "download": "https://github.com/jellekralt/Responsive-Tabs",
    "dependencies": {
        "jquery": ">=1.7"
    }
}
